{
    "metrics": {
        "iteration_duration": {
            "avg": 325.7801831806827,
            "min": 185.5509,
            "med": 334.0317,
            "max": 1530.0005,
            "p(90)": 357.4396,
            "p(95)": 367.1595
        },
        "http_req_duration": {
            "avg": 322.50442597835143,
            "min": 185.5509,
            "med": 333.6782,
            "max": 748.4255,
            "p(90)": 356.9328,
            "p(95)": 365.4914,
            "thresholds": {
                "p(95)<1500": false
            }
        },
        "http_req_receiving": {
            "p(90)": 0.5161,
            "p(95)": 0.839,
            "avg": 0.12848001665278933,
            "min": 0,
            "med": 0,
            "max": 15.12
        },
        "http_req_tls_handshaking": {
            "p(90)": 0,
            "p(95)": 0,
            "avg": 1.1767237302248126,
            "min": 0,
            "med": 0,
            "max": 106.6904
        },
        "http_req_sending": {
            "avg": 0.5596618651124057,
            "min": 0,
            "med": 0.5117,
            "max": 13.5,
            "p(90)": 0.7713,
            "p(95)": 0.9198
        },
        "data_sent": {
            "count": 166445,
            "rate": 2757.8189718450235
        },
        "iterations": {
            "count": 1201,
            "rate": 19.899309592873763
        },
        "checks": {
            "passes": 1201,
            "fails": 1201,
            "value": 0.5
        },
        "http_req_blocked": {
            "avg": 2.952500832639467,
            "min": 0,
            "med": 0,
            "max": 1178.1199,
            "p(90)": 0,
            "p(95)": 0
        },
        "vus_max": {
            "value": 20,
            "min": 20,
            "max": 20
        },
        "http_reqs": {
            "rate": 19.899309592873763,
            "count": 1201
        },
        "http_req_connecting": {
            "avg": 1.5982109075770192,
            "min": 0,
            "med": 0,
            "max": 1080.7429,
            "p(90)": 0,
            "p(95)": 0
        },
        "http_req_failed": {
            "passes": 1201,
            "fails": 0,
            "thresholds": {
                "rate<0.03": true
            },
            "value": 1
        },
        "http_req_waiting": {
            "max": 747.1181,
            "p(90)": 356.109,
            "p(95)": 364.8821,
            "avg": 321.8162840965863,
            "min": 184.8348,
            "med": 332.9388
        },
        "vus": {
            "value": 6,
            "min": 4,
            "max": 12
        },
        "data_received": {
            "count": 586538,
            "rate": 9718.319109063274
        }
    },
    "root_group": {
        "name": "",
        "path": "",
        "id": "d41d8cd98f00b204e9800998ecf8427e",
        "groups": {},
        "checks": {
                "status es 200": {
                    "name": "status es 200",
                    "path": "::status es 200",
                    "id": "c8f562f01bcdf8f7be8c15f6ad60295d",
                    "passes": 0,
                    "fails": 1201
                },
                "response < 1.5s": {
                    "passes": 1201,
                    "fails": 0,
                    "name": "response < 1.5s",
                    "path": "::response < 1.5s",
                    "id": "7314232c589e4693e89a2658c4e189e2"
                }
            }
    }
}